run_key,method,representation,k,seed,eps,min_samples,linkage,seconds,inertia,n_clusters,noise_ratio,silhouette,purity,nmi,rand_index,clustered_points,valid_dbscan_score
K-Means | Sentence embedding | K=20 | seed=43,K-Means,Sentence embedding,20.0,43.0,,,,0.11021876335144043,874.5797729492188,20,0.0,0.02125886853316227,0.5505,0.25670076640340955,0.7989835,,
Spherical K-Means | Sentence embedding | K=20 | seed=43,Spherical K-Means,Sentence embedding,20.0,43.0,,,,0.04018139839172363,501.13262939453125,20,0.0,0.03821960808621354,0.529,0.24678483115940245,0.797538,,
K-Means | Sentence embedding | K=15 | seed=42,K-Means,Sentence embedding,15.0,42.0,,,,0.10939311981201172,885.7510986328125,15,0.0,0.027516615115722443,0.534,0.23789424509699728,0.7890145,,
K-Means | Sentence embedding | K=20 | seed=42,K-Means,Sentence embedding,20.0,42.0,,,,0.13056707382202148,877.6638793945312,20,0.0,0.025475965564133167,0.5295,0.2376287596772326,0.793682,,
Spherical K-Means | Sentence embedding | K=20 | seed=42,Spherical K-Means,Sentence embedding,20.0,42.0,,,,0.0830838680267334,502.14862060546875,20,0.0,0.04483844418737743,0.524,0.23507799434991195,0.7935095,,
Spherical K-Means | Sentence embedding | K=15 | seed=42,Spherical K-Means,Sentence embedding,15.0,42.0,,,,0.12025880813598633,507.68389892578125,15,0.0,0.04939647038854407,0.5275,0.23442740599417508,0.7881415,,
K-Means | Sentence embedding | K=15 | seed=43,K-Means,Sentence embedding,15.0,43.0,,,,0.11882948875427246,886.3549194335938,15,0.0,0.02196953798718186,0.508,0.22332683952338242,0.7843385,,
Spherical K-Means | Sentence embedding | K=15 | seed=43,Spherical K-Means,Sentence embedding,15.0,43.0,,,,0.15828657150268555,507.8112487792969,15,0.0,0.041767091774130696,0.5075,0.22240416233348256,0.7848955,,
Spherical K-Means | Sentence embedding | K=7 | seed=42,Spherical K-Means,Sentence embedding,7.0,42.0,,,,0.04355621337890625,533.2053833007812,7,0.0,0.04497558299425125,0.4965,0.21596044617235377,0.7486655,,
K-Means | Sentence embedding | K=7 | seed=42,K-Means,Sentence embedding,7.0,42.0,,,,0.12185072898864746,923.7846069335938,7,0.0,0.023573929676084085,0.492,0.20917114528716696,0.7471185,,
Spherical K-Means | Sentence embedding | K=10 | seed=43,Spherical K-Means,Sentence embedding,10.0,43.0,,,,0.06966614723205566,523.5308227539062,10,0.0,0.040902834325833234,0.5075,0.20639731671265502,0.7713385,,
K-Means | Sentence embedding | K=10 | seed=42,K-Means,Sentence embedding,10.0,42.0,,,,0.06071114540100098,913.210693359375,10,0.0,0.022001246295888243,0.487,0.20612290805592173,0.7620905,,
K-Means | Sentence embedding | K=10 | seed=43,K-Means,Sentence embedding,10.0,43.0,,,,0.18817806243896484,909.693603515625,10,0.0,0.021179643334585364,0.4985,0.20513035739587687,0.768602,,
Spherical K-Means | Sentence embedding | K=10 | seed=42,Spherical K-Means,Sentence embedding,10.0,42.0,,,,0.03540635108947754,525.8139038085938,10,0.0,0.04070853880737956,0.4815,0.20222950838805837,0.762142,,
Spherical K-Means | Sentence embedding | K=5 | seed=42,Spherical K-Means,Sentence embedding,5.0,42.0,,,,0.030341625213623047,544.0838623046875,5,0.0,0.044752015610346516,0.47,0.19595047959965697,0.725349,,
K-Means | Sentence embedding | K=5 | seed=42,K-Means,Sentence embedding,5.0,42.0,,,,0.07345867156982422,940.1839599609375,5,0.0,0.023854572110382992,0.4625,0.189570064231865,0.7224515,,
K-Means | Sentence embedding | K=7 | seed=43,K-Means,Sentence embedding,7.0,43.0,,,,0.22215032577514648,925.218017578125,7,0.0,0.021704972353017868,0.4545,0.1893162841579034,0.740396,,
Spherical K-Means | Sentence embedding | K=7 | seed=43,Spherical K-Means,Sentence embedding,7.0,43.0,,,,0.06285595893859863,534.497314453125,7,0.0,0.038778417061948255,0.4395,0.18868613621857142,0.7385525,,
K-Means | Sentence embedding | K=5 | seed=43,K-Means,Sentence embedding,5.0,43.0,,,,0.06721711158752441,943.2539672851562,5,0.0,0.017539199799433528,0.4125,0.15025932009609702,0.7124115,,
Spherical K-Means | Sentence embedding | K=5 | seed=43,Spherical K-Means,Sentence embedding,5.0,43.0,,,,0.029223203659057617,546.2308349609375,5,0.0,0.034197463455268896,0.4115,0.1492385200086657,0.7124295,,
HAC | TF-IDF | linkage=average | K=7,HAC,TF-IDF,7.0,,,,average,0.22562789916992188,,7,0.0,0.006768069297815779,0.32,0.13417553316144742,0.33808,,
HAC | Sentence embedding | linkage=complete | K=7,HAC,Sentence embedding,7.0,,,,complete,0.20736479759216309,,7,0.0,0.03576064589756433,0.34,0.11290727442192008,0.648,,
HAC | TF-IDF | linkage=complete | K=7,HAC,TF-IDF,7.0,,,,complete,0.2156534194946289,,7,0.0,0.0056670410760516566,0.316,0.08233442050264989,0.671392,,
K-Means | TF-IDF | K=20 | seed=42,K-Means,TF-IDF,20.0,42.0,,,,1.2985553741455078,1884.6209716796875,20,0.0,0.007227948448583485,0.3645,0.07957396586770778,0.7542305,,
K-Means | TF-IDF | K=5 | seed=43,K-Means,TF-IDF,5.0,43.0,,,,0.9399735927581787,1921.752685546875,5,0.0,-0.002433655509536193,0.381,0.07698098127324715,0.6724615,,
K-Means | TF-IDF | K=20 | seed=43,K-Means,TF-IDF,20.0,43.0,,,,0.2582583427429199,1890.6494140625,20,0.0,0.003705856587882978,0.3795,0.07600319488144733,0.7370745,,
Spherical K-Means | TF-IDF | K=5 | seed=43,Spherical K-Means,TF-IDF,5.0,43.0,,,,0.3499002456665039,1621.5947265625,5,0.0,0.005999885934632505,0.3795,0.07487166062366728,0.68067,,
K-Means | TF-IDF | K=10 | seed=43,K-Means,TF-IDF,10.0,43.0,,,,0.8534271717071533,1905.87841796875,10,0.0,0.002435849252872039,0.3685,0.0725320630407613,0.7203175,,
K-Means | TF-IDF | K=15 | seed=42,K-Means,TF-IDF,15.0,42.0,,,,0.8894212245941162,1902.08447265625,15,0.0,0.0016075098363435001,0.379,0.07151037037250932,0.7660235,,
K-Means | TF-IDF | K=7 | seed=43,K-Means,TF-IDF,7.0,43.0,,,,1.2488491535186768,1917.3311767578125,7,0.0,0.0028553307792476812,0.3675,0.07139920615878166,0.711983,,
Spherical K-Means | TF-IDF | K=15 | seed=42,Spherical K-Means,TF-IDF,15.0,42.0,,,,0.2615644931793213,1578.0697021484375,15,0.0,0.004986630937729302,0.3835,0.07020393486248838,0.76845,,
Spherical K-Means | TF-IDF | K=20 | seed=43,Spherical K-Means,TF-IDF,20.0,43.0,,,,0.348055362701416,1553.6602783203125,20,0.0,0.004355886458699656,0.3735,0.0700074525224486,0.750101,,
Spherical K-Means | TF-IDF | K=7 | seed=43,Spherical K-Means,TF-IDF,7.0,43.0,,,,0.4213080406188965,1610.151123046875,7,0.0,0.005639000545029079,0.369,0.06957801120676205,0.7163865,,
K-Means | TF-IDF | K=15 | seed=43,K-Means,TF-IDF,15.0,43.0,,,,0.6319484710693359,1896.78466796875,15,0.0,-0.0017610792545712523,0.3565,0.06946651192248307,0.7573105,,
K-Means | TF-IDF | K=10 | seed=42,K-Means,TF-IDF,10.0,42.0,,,,1.297156572341919,1906.986572265625,10,0.0,0.004734026662849881,0.357,0.06926632229717171,0.722737,,
Spherical K-Means | TF-IDF | K=15 | seed=43,Spherical K-Means,TF-IDF,15.0,43.0,,,,0.3494129180908203,1569.80712890625,15,0.0,0.0051909547712758975,0.3645,0.06901477403775208,0.7611865,,
Spherical K-Means | TF-IDF | K=10 | seed=43,Spherical K-Means,TF-IDF,10.0,43.0,,,,0.24086952209472656,1594.3773193359375,10,0.0,0.00448080271386426,0.361,0.06879147838308655,0.726391,,
HAC | TF-IDF | linkage=single | K=7,HAC,TF-IDF,7.0,,,,single,0.22971796989440918,,7,0.0,0.004494065409601028,0.288,0.06732487408400037,0.224096,,
K-Means | TF-IDF | K=7 | seed=42,K-Means,TF-IDF,7.0,42.0,,,,1.1978883743286133,1914.635009765625,7,0.0,0.0047646971260765295,0.3465,0.06673842470381071,0.6482735,,
Spherical K-Means | TF-IDF | K=7 | seed=42,Spherical K-Means,TF-IDF,7.0,42.0,,,,0.5284240245819092,1609.2518310546875,7,0.0,0.007041776181483623,0.3555,0.06553226946329989,0.6636,,
Spherical K-Means | TF-IDF | K=20 | seed=42,Spherical K-Means,TF-IDF,20.0,42.0,,,,0.3487727642059326,1556.8077392578125,20,0.0,0.00526170126211974,0.3605,0.06472017051836307,0.7684115,,
Spherical K-Means | TF-IDF | K=5 | seed=42,Spherical K-Means,TF-IDF,5.0,42.0,,,,0.5044279098510742,1623.012939453125,5,0.0,0.0053751076510653775,0.3655,0.06284338046055181,0.6662225,,
Spherical K-Means | TF-IDF | K=10 | seed=42,Spherical K-Means,TF-IDF,10.0,42.0,,,,0.5498144626617432,1590.78271484375,10,0.0,0.0061468874013566955,0.3525,0.0617592756575355,0.7286505,,
K-Means | TF-IDF | K=5 | seed=42,K-Means,TF-IDF,5.0,42.0,,,,1.1965785026550293,1922.136962890625,5,0.0,0.0030578722135669954,0.364,0.060143628349186656,0.6489905,,
HAC | Sentence embedding | linkage=average | K=7,HAC,Sentence embedding,7.0,,,,average,0.21524453163146973,,7,0.0,0.00921052473552504,0.284,0.05951551658450867,0.275168,,
HAC | Sentence embedding | linkage=single | K=7,HAC,Sentence embedding,7.0,,,,single,0.22818851470947266,,7,0.0,-0.0217279048085564,0.28,0.04532666146916868,0.210272,,
DBSCAN | TF-IDF | eps=0.9 | min_samples=5,DBSCAN,TF-IDF,,,0.9,5.0,,0.004349708557128906,,5,0.20499999999999996,0.00270038722456898,0.28773584905660377,0.03197879540596514,0.2199428424508524,636.0,True
DBSCAN | Sentence embedding | eps=0.35 | min_samples=5,DBSCAN,Sentence embedding,,,0.35,5.0,,0.004128932952880859,,2,0.32999999999999996,0.06333412586626991,0.30597014925373134,0.02193270918988937,0.2017501113833816,536.0,True
DBSCAN | TF-IDF | eps=0.7 | min_samples=5,DBSCAN,TF-IDF,,,0.7,5.0,,0.003261089324951172,,2,0.98375,,,,,13.0,False
DBSCAN | TF-IDF | eps=0.7 | min_samples=10,DBSCAN,TF-IDF,,,0.7,10.0,,0.0029654502868652344,,0,1.0,,,,,0.0,False
DBSCAN | TF-IDF | eps=0.8 | min_samples=5,DBSCAN,TF-IDF,,,0.8,5.0,,0.0031533241271972656,,7,0.945,,,,,44.0,False
DBSCAN | TF-IDF | eps=0.8 | min_samples=10,DBSCAN,TF-IDF,,,0.8,10.0,,0.002908945083618164,,1,0.9875,,,,,10.0,False
DBSCAN | TF-IDF | eps=0.9 | min_samples=10,DBSCAN,TF-IDF,,,0.9,10.0,,0.004236459732055664,,5,0.7050000000000001,,,,,236.0,False
DBSCAN | TF-IDF | eps=0.95 | min_samples=5,DBSCAN,TF-IDF,,,0.95,5.0,,0.011951923370361328,,1,0.0050000000000000044,,,,,796.0,False
DBSCAN | TF-IDF | eps=0.95 | min_samples=10,DBSCAN,TF-IDF,,,0.95,10.0,,0.0066683292388916016,,1,0.0050000000000000044,,,,,796.0,False
DBSCAN | Sentence embedding | eps=0.15 | min_samples=5,DBSCAN,Sentence embedding,,,0.15,5.0,,0.0031769275665283203,,1,0.99375,,,,,5.0,False
DBSCAN | Sentence embedding | eps=0.15 | min_samples=10,DBSCAN,Sentence embedding,,,0.15,10.0,,0.002814769744873047,,0,1.0,,,,,0.0,False
DBSCAN | Sentence embedding | eps=0.2 | min_samples=5,DBSCAN,Sentence embedding,,,0.2,5.0,,0.0028324127197265625,,2,0.9825,,,,,14.0,False
DBSCAN | Sentence embedding | eps=0.2 | min_samples=10,DBSCAN,Sentence embedding,,,0.2,10.0,,0.0028400421142578125,,0,1.0,,,,,0.0,False
DBSCAN | Sentence embedding | eps=0.25 | min_samples=5,DBSCAN,Sentence embedding,,,0.25,5.0,,0.0028600692749023438,,4,0.96,,,,,32.0,False
DBSCAN | Sentence embedding | eps=0.25 | min_samples=10,DBSCAN,Sentence embedding,,,0.25,10.0,,0.003027677536010742,,0,1.0,,,,,0.0,False
DBSCAN | Sentence embedding | eps=0.3 | min_samples=5,DBSCAN,Sentence embedding,,,0.3,5.0,,0.0030918121337890625,,11,0.785,,,,,172.0,False
DBSCAN | Sentence embedding | eps=0.3 | min_samples=10,DBSCAN,Sentence embedding,,,0.3,10.0,,0.0030803680419921875,,4,0.91875,,,,,65.0,False
DBSCAN | Sentence embedding | eps=0.35 | min_samples=10,DBSCAN,Sentence embedding,,,0.35,10.0,,0.0039825439453125,,1,0.43374999999999997,,,,,453.0,False
DBSCAN | Sentence embedding | eps=0.4 | min_samples=5,DBSCAN,Sentence embedding,,,0.4,5.0,,0.0071070194244384766,,1,0.04874999999999996,,,,,761.0,False
DBSCAN | Sentence embedding | eps=0.4 | min_samples=10,DBSCAN,Sentence embedding,,,0.4,10.0,,0.006726264953613281,,1,0.05874999999999997,,,,,753.0,False
